Stock,Signal,Timestamp,Price,EMA5,EMA20,RSI,MACD,MACD Signal
ADANIENT.NS,SELL,2025-02-24 12:00:00+05:30,2122.14990234375,2126.040280229322,2126.680660587444,43.78917158232863,0.27954886320776495,0.46602775569542226
ADANIENT.NS,SELL,2025-02-24 15:15:00+05:30,2112.800048828125,2117.028981171163,2118.24021614522,41.48628124279873,-0.0855792688676047,0.1621006122169874
ADANIENT.NS,SELL,2025-02-25 13:50:00+05:30,2146.5,2148.0881540998544,2148.1164869001987,49.56920763442305,2.220436331552264,3.433970666392644
ADANIENT.NS,SELL,2025-02-27 11:50:00+05:30,2127.14990234375,2130.0733804726697,2130.9447074854943,44.81209235011938,-0.02840014523917489,0.20299085918374335
ADANIENT.NS,SELL,2025-02-28 12:05:00+05:30,2096.0,2096.9971106177127,2097.0059936628977,48.93425725883453,0.12693066489919147,0.14768001205156386
ADANIENT.NS,SELL,2025-02-28 12:40:00+05:30,2091.449951171875,2095.888553559066,2097.2414047400016,44.32887617987476,-0.1539098926632505,0.3213601959960366
ADANIENT.NS,SELL,2025-02-28 15:20:00+05:30,2092.10009765625,2094.642913441703,2095.3430923687556,45.98446661690104,0.1797106578092098,0.41723239180380334
ADANIPORTS.NS,SELL,2025-02-24 12:05:00+05:30,1076.0999755859375,1077.2818005188376,1077.471301469812,45.932759259493594,0.09334670220800945,0.10020009196938338
ADANIPORTS.NS,SELL,2025-02-25 11:30:00+05:30,1076.8499755859375,1079.3724293640332,1080.0584618762164,42.697082263934156,0.7861515519223303,1.5711961860341073
ADANIPORTS.NS,SELL,2025-02-25 13:50:00+05:30,1084.449951171875,1085.8613340370075,1086.0628608256675,46.884838101063615,1.0276044387896945,1.663896893542337
ADANIPORTS.NS,SELL,2025-02-27 13:50:00+05:30,1078.699951171875,1078.9510785795937,1079.0311904585392,49.927248211456345,0.5494636299711146,0.9169852427306396
ADANIPORTS.NS,SELL,2025-02-27 15:20:00+05:30,1076.75,1078.5442307908322,1078.7578502886713,40.44573010360663,0.09383992031621347,0.19873870791794096
ADANIPORTS.NS,SELL,2025-02-28 12:00:00+05:30,1075.0,1075.7055165460115,1075.8595058968745,48.55454954268553,0.4947098843929325,0.8624099708803228
ADANIPORTS.NS,SELL,2025-02-28 12:30:00+05:30,1074.550048828125,1075.1948074502202,1075.4172367594947,48.20872304869668,0.038684555678628385,0.2739237694955564
APOLLOHOSP.NS,SELL,2025-02-21 12:35:00+05:30,6331.0498046875,6339.809778265775,6341.034542385314,43.341097058711725,2.304301812509948,3.420649661534215
APOLLOHOSP.NS,SELL,2025-02-21 15:05:00+05:30,6313.2998046875,6325.453664150755,6327.932602070245,39.563754485311904,0.785096178366075,1.7037333592060135
APOLLOHOSP.NS,SELL,2025-02-24 15:15:00+05:30,6250.64990234375,6253.073187709018,6253.819489164646,43.3027451440824,-0.4157328529818187,-0.29565019020360733
APOLLOHOSP.NS,SELL,2025-02-25 12:45:00+05:30,6246.2001953125,6251.343838686566,6251.371514860373,43.28329527613214,0.9987393956043888,1.329648791076565
APOLLOHOSP.NS,SELL,2025-02-25 12:55:00+05:30,6249.75,6251.102795492641,6251.32724071124,48.41456414423412,0.7172941818544132,1.1507352478038502
APOLLOHOSP.NS,SELL,2025-02-25 14:10:00+05:30,6251.5,6252.009799626147,6252.125795880762,49.34607146887011,0.31299903093076864,0.5427275715618919
APOLLOHOSP.NS,SELL,2025-02-25 15:25:00+05:30,6240.0,6248.076433949615,6249.694554564963,38.68778322304575,-0.7451766245185354,-0.49894386442625926
APOLLOHOSP.NS,SELL,2025-02-28 09:15:00+05:30,6105.0,6157.611028303196,6174.824544461524,21.915832081666426,-5.281633757223062,-0.6478379226396966
ASIANPAINT.NS,SELL,2025-02-21 12:45:00+05:30,2250.60009765625,2254.7461127548504,2254.7528213217247,44.71846937796138,2.3433872875825728,3.308741164524664
ASIANPAINT.NS,SELL,2025-02-24 09:25:00+05:30,2251.14990234375,2252.8727506513706,2252.883521926803,47.624074355012176,1.0713975878015845,1.432388237068746
ASIANPAINT.NS,SELL,2025-02-24 12:00:00+05:30,2253.050048828125,2254.5931268339664,2254.6732434558785,47.072333004075674,0.9059367422919422,1.3446642124219834
ASIANPAINT.NS,SELL,2025-02-25 10:40:00+05:30,2249.949951171875,2251.6097131092374,2251.7271349986318,45.83007129344969,0.7003636590111455,1.0485030244949374
ASIANPAINT.NS,SELL,2025-02-27 12:30:00+05:30,2214.0,2218.023140208299,2218.4195117817826,39.806335680728274,0.07587179651090992,0.08786351532002473
ASIANPAINT.NS,SELL,2025-02-28 09:20:00+05:30,2201.550048828125,2207.556781343709,2208.9828160840284,35.96623966205092,-0.2656475667572522,-0.14703707294967688
ASIANPAINT.NS,SELL,2025-02-28 15:05:00+05:30,2176.85009765625,2185.198009217897,2187.7745290069693,34.75988648256988,-0.2322538074949989,0.5064057481684395
AXISBANK.NS,SELL,2025-02-21 12:50:00+05:30,1009.25,1010.7938250585497,1011.3442569646401,39.994257102711224,-0.18505409041483745,-0.1478560037504485
AXISBANK.NS,SELL,2025-02-24 14:05:00+05:30,1006.7000122070312,1007.7000059953368,1007.8338742431275,46.226236952824685,0.42142317381035355,0.7230295420283144
AXISBANK.NS,SELL,2025-02-25 09:15:00+05:30,1007.9000244140625,1009.2377570763655,1009.3533174192241,45.491243389180724,0.4555568916443917,0.7077664022674388
AXISBANK.NS,SELL,2025-02-25 12:50:00+05:30,1003.1500244140625,1003.7643264918904,1003.8677829287845,46.624451473264585,0.16566164445043796,0.25323547050066264
AXISBANK.NS,SELL,2025-02-25 15:20:00+05:30,1008.7999877929688,1009.2176694626797,1009.2544979732984,49.91367776554815,0.6798600522846527,1.103881930185734
AXISBANK.NS,SELL,2025-02-27 09:15:00+05:30,1007.2999877929688,1008.6745211175279,1009.1024357900221,43.00466962878753,0.4083111931917074,0.8900321449743696
AXISBANK.NS,SELL,2025-02-27 14:00:00+05:30,1020.0499877929688,1021.1050197409176,1021.2333718490132,45.21537366227989,0.567744384058642,0.9101186018266347
AXISBANK.NS,SELL,2025-02-28 12:00:00+05:30,1025.800048828125,1027.1591178477215,1027.1710996500617,48.924904091711,1.760141660950012,2.743634485893417
BAJAJ-AUTO.NS,SELL,2025-02-21 13:10:00+05:30,8518.400390625,8522.500489105527,8523.702506594387,46.63686491427202,-0.022395162186512607,0.024911694701722022
BAJAJ-AUTO.NS,SELL,2025-02-24 13:30:00+05:30,8413.849609375,8416.130171172977,8416.804165461643,47.73873274373578,0.2029131613071513,0.509659770631619
BAJAJ-AUTO.NS,SELL,2025-02-25 09:15:00+05:30,8406.2001953125,8431.797310518614,8435.127593715371,37.83725370625213,3.9022448917985457,7.000210076164957
BAJAJ-AUTO.NS,SELL,2025-02-25 11:40:00+05:30,8427.5,8438.682663148502,8440.266272905925,44.453871777132086,2.6491918271294708,4.2661974955838975
BAJAJ-AUTO.NS,SELL,2025-02-27 09:15:00+05:30,8321.849609375,8385.419856130753,8399.265881015528,26.291782121876306,-4.490010729079586,-2.0745724586349557
BAJFINANCE.NS,SELL,2025-02-21 13:35:00+05:30,8354.9501953125,8372.129372362468,8376.029748966637,37.643543803563794,2.76648737756841,6.074751266332305
BAJFINANCE.NS,SELL,2025-02-24 09:20:00+05:30,8361.0,8379.30277362123,8384.969756336364,37.50557628283069,1.882622777904544,4.93359178823495
BAJFINANCE.NS,SELL,2025-02-24 13:00:00+05:30,8371.7001953125,8373.23584172465,8373.264821133354,49.703659224232815,2.1453979454563523,3.2929293401125728
BAJFINANCE.NS,SELL,2025-02-24 13:15:00+05:30,8372.400390625,8373.199725673046,8373.369459497211,49.94934824634737,1.5028431518385332,2.564385047938643
BAJFINANCE.NS,SELL,2025-02-25 13:05:00+05:30,8482.4501953125,8485.982203531607,8486.955991812856,49.49101066581999,4.31349155757016,7.557599968327579
BAJFINANCE.NS,SELL,2025-02-25 14:00:00+05:30,8476.2998046875,8481.809709972404,8482.756344415553,46.07765812231852,0.40395008686937217,1.1983774247986183
BAJFINANCE.NS,SELL,2025-02-25 15:15:00+05:30,8485.0,8492.933861646892,8494.122361223133,45.64113434065173,3.3767751891900843,5.0604209809036105
BAJFINANCE.NS,SELL,2025-02-27 12:30:00+05:30,8679.650390625,8689.18392439036,8692.07471241128,47.69173520742997,8.463740550812872,15.250120147368865
BAJFINANCE.NS,SELL,2025-02-27 15:05:00+05:30,8709.400390625,8713.413578893782,8714.429143724778,47.37309073311205,2.04799275887126,3.7238627264151436
BAJFINANCE.NS,SELL,2025-02-28 15:05:00+05:30,8527.150390625,8555.300340850521,8561.814314703077,40.30483459935516,-1.245220771193999,-1.023247522307028
BAJAJFINSV.NS,BUY,2025-02-21 14:25:00+05:30,1874.949951171875,1874.6023673841496,1874.5089346370012,49.179689239747695,-1.0176067989086732,-1.6663507303692107
BAJAJFINSV.NS,SELL,2025-02-24 09:50:00+05:30,1871.550048828125,1876.7482770770162,1878.3627249054484,39.03248850914717,0.39417078017936547,1.1825779675556924
BAJAJFINSV.NS,BUY,2025-02-24 13:50:00+05:30,1861.050048828125,1860.527471298893,1860.5110796626232,48.90509780602451,-1.2437596487127394,-2.0703399329172876
BAJAJFINSV.NS,SELL,2025-02-24 15:00:00+05:30,1856.0999755859375,1860.0458068370676,1860.997402099641,36.041355144414,-0.34834790177615105,-0.22249433001766775
BAJAJFINSV.NS,SELL,2025-02-25 11:10:00+05:30,1880.0,1883.2114118841814,1883.2447168311312,47.091544069276736,3.140453719873449,4.954733818919132
BAJAJFINSV.NS,SELL,2025-02-25 15:20:00+05:30,1872.9000244140625,1874.8061969004484,1875.4703770125464,44.03517087061621,-0.30795708442587966,-0.29015236334218114
BAJAJFINSV.NS,SELL,2025-02-27 15:25:00+05:30,1920.0999755859375,1924.677310480701,1925.368894768571,39.65956449301161,0.5532641721765685,1.2165537062687215
BEL.NS,SELL,2025-02-24 13:35:00+05:30,256.20001220703125,256.7649384829466,256.8828800670675,43.884271791079584,0.17225389670045388,0.3284003560797003
BEL.NS,SELL,2025-02-25 10:20:00+05:30,256.54998779296875,257.0041952651612,257.0726709408343,45.688575744875585,0.17200417964374992,0.2642335478051703
BEL.NS,SELL,2025-02-25 13:30:00+05:30,257.75,257.81915606299043,257.8357716104704,49.518708729254584,0.08641012365126244,0.14460137500076942
BEL.NS,SELL,2025-02-25 14:15:00+05:30,257.54998779296875,257.8246193844285,257.86740617603596,44.5318352506609,0.04027965619263796,0.0793672814553041
BPCL.NS,BUY,2025-02-21 13:20:00+05:30,253.0,252.86214187373724,252.84668846940727,49.72868014592482,-0.2522610133928822,-0.4114871946722757
BPCL.NS,SELL,2025-02-24 10:35:00+05:30,251.4499969482422,251.84918560093104,251.99117645320166,44.784647162196336,0.017112991756533802,0.07522773290540766
BPCL.NS,SELL,2025-02-24 10:50:00+05:30,251.60000610351562,251.9182783453714,251.99065762542628,46.663916279868275,0.006156087388347942,0.048210313801737265
BPCL.NS,SELL,2025-02-24 12:20:00+05:30,251.85000610351562,252.11527700541973,252.1924460615011,46.28881338451109,0.06021825760299748,0.11432601726080122
BPCL.NS,SELL,2025-02-25 10:00:00+05:30,250.60000610351562,251.27276083142522,251.42103021948517,42.7039272519416,0.08537845686737455,0.16371784126097227
BPCL.NS,BUY,2025-02-27 13:30:00+05:30,243.6999969482422,243.59323723937496,243.57260681734783,48.60153073782638,-0.24260687519819157,-0.4012231517315328
BPCL.NS,SELL,2025-02-28 09:15:00+05:30,239.14999389648438,242.68484588301726,243.35382743703158,22.768295954614242,-0.06434306573277127,0.11618672534570242
BPCL.NS,BUY,2025-02-28 15:20:00+05:30,237.4499969482422,237.36095604663512,237.36027572211205,49.16856226743507,-0.18971347953873874,-0.3280047920731044
BHARTIARTL.NS,SELL,2025-02-25 15:05:00+05:30,1639.9000244140625,1642.0481899377664,1642.5210905931915,44.880311772190026,1.225962003342147,2.0743311202012213
BHARTIARTL.NS,SELL,2025-02-25 15:20:00+05:30,1641.0,1642.1290788473013,1642.4819030112194,47.88630277781105,0.8314328361302614,1.5440319084899745
BHARTIARTL.NS,SELL,2025-02-27 10:45:00+05:30,1643.4000244140625,1644.9005924964474,1645.2647820799912,46.077500692016926,0.6554045009741003,1.1507719898707067
BHARTIARTL.NS,SELL,2025-02-27 13:30:00+05:30,1649.800048828125,1651.4881054347984,1651.7072347771546,44.53667894283236,0.9058921278574417,1.4328750102679646
BRITANNIA.NS,SELL,2025-02-21 12:45:00+05:30,4806.35009765625,4807.608464267263,4808.035167456882,47.98776584924982,1.1896025833948443,2.0289581719912935
BRITANNIA.NS,SELL,2025-02-21 13:20:00+05:30,4805.75,4807.128866789391,4807.397805466616,47.22057533905697,0.33752348274811084,0.7638506169675832
BRITANNIA.NS,SELL,2025-02-24 09:15:00+05:30,4799.39990234375,4818.624861039938,4823.988341315309,33.2249489663806,2.267215861016666,5.658570368735836
BRITANNIA.NS,SELL,2025-02-24 11:55:00+05:30,4800.0,4807.740489677429,4809.4652198084295,43.441210668470916,1.2620915615025297,2.2355718658436605
BRITANNIA.NS,SELL,2025-02-25 13:35:00+05:30,4829.25,4832.857997714588,4833.255438744856,48.73381834838059,3.9301898799858463,6.440529933858258
BRITANNIA.NS,SELL,2025-02-27 10:15:00+05:30,4802.0498046875,4816.724474125946,4821.356374842234,41.22223172195075,1.18414980423222,3.28958756655414
BRITANNIA.NS,SELL,2025-02-28 09:20:00+05:30,4752.10009765625,4771.372644180712,4778.116773865401,31.457677155772615,-3.0820432294412967,-2.1077385168426925
CIPLA.NS,SELL,2025-02-21 15:00:00+05:30,1476.300048828125,1477.5857403638238,1477.787920681276,45.56281270804463,0.42070203034745646,0.6832918550664775
CIPLA.NS,SELL,2025-02-24 09:40:00+05:30,1476.4000244140625,1477.7545943658401,1477.824907203061,47.29313752312538,0.23232242325798325,0.32124254768464183
CIPLA.NS,SELL,2025-02-24 10:55:00+05:30,1478.3499755859375,1479.462505507212,1479.5449059559649,47.399073039308796,0.4456187124155804,0.6792041836033583
CIPLA.NS,SELL,2025-02-24 11:15:00+05:30,1478.6500244140625,1479.241344343535,1479.4296296957884,48.12137040169343,0.20146223438268862,0.4351801871630261
CIPLA.NS,SELL,2025-02-24 11:45:00+05:30,1478.9000244140625,1479.2958185548189,1479.3441924415042,48.67860274823292,0.08035879960084458,0.18141154704782397
CIPLA.NS,SELL,2025-02-24 11:55:00+05:30,1478.550048828125,1479.0926023004058,1479.28198531103,47.41309708441438,0.01462479758038171,0.13287545101663076
CIPLA.NS,SELL,2025-02-24 14:40:00+05:30,1476.6500244140625,1477.44209069421,1477.5749477433023,46.0757084376113,0.09585210910540809,0.10480255593730448
CIPLA.NS,SELL,2025-02-25 10:40:00+05:30,1473.0,1475.0334574544192,1475.6202433874012,43.69672194771666,-0.18154049184249743,-0.12393515785779455
CIPLA.NS,SELL,2025-02-28 12:35:00+05:30,1432.75,1434.5751599073662,1434.740484035389,44.805977470051126,0.48964049492769846,0.815779221387747
COALINDIA.NS,SELL,2025-02-21 13:40:00+05:30,368.6499938964844,369.17206054901646,369.2495730983762,45.51815524503813,0.1547794914952192,0.26562017182999437
COALINDIA.NS,SELL,2025-02-21 15:20:00+05:30,369.20001220703125,369.78038592334934,369.81544228893694,44.449357653631445,0.14380761238453488,0.22813552106305762
COALINDIA.NS,SELL,2025-02-24 14:35:00+05:30,364.8999938964844,365.1731701548246,365.19533862546086,47.34677186237442,0.12508792123333023,0.19766594320905467
COALINDIA.NS,SELL,2025-02-24 15:00:00+05:30,364.29998779296875,365.0997573247545,365.2106383814092,41.3746399669629,0.05834028992177309,0.14201957078574162
COALINDIA.NS,BUY,2025-02-25 12:50:00+05:30,360.75,360.70751767793683,360.6997719422937,49.39729633821811,-0.11356993904831825,-0.19241530334950366
COALINDIA.NS,SELL,2025-02-27 09:15:00+05:30,360.1499938964844,360.99529925670356,361.0860942589688,38.55731681185351,0.021981359859410077,0.06766979009755439
COALINDIA.NS,SELL,2025-02-28 12:10:00+05:30,371.6000061035156,372.24343848223407,372.3797569884731,46.77098587736807,0.4307447619786444,0.7588323391771024
COALINDIA.NS,SELL,2025-02-28 15:00:00+05:30,369.45001220703125,370.5884012849487,370.6010271135709,42.14810293079997,0.2011873499009198,0.2479499895176936
DRREDDY.NS,SELL,2025-02-21 14:35:00+05:30,1149.449951171875,1150.3494162046788,1150.5290133556261,46.84872769521388,0.025790736960288996,0.07324849511378735
DRREDDY.NS,SELL,2025-02-24 13:20:00+05:30,1166.3499755859375,1167.62345781596,1168.00311337756,46.04952477803938,0.5768867490016873,1.101194822659723
DRREDDY.NS,BUY,2025-02-27 10:50:00+05:30,1129.5,1129.0333536209582,1128.9762693460614,49.936340014245324,-0.6934607592547763,-1.1849755014175012
DRREDDY.NS,SELL,2025-02-27 14:10:00+05:30,1119.949951171875,1122.48012231728,1122.9825683111683,41.18352697286565,0.0538454896031908,0.20202644329959366
DRREDDY.NS,SELL,2025-02-28 09:15:00+05:30,1116.949951171875,1122.0699828828056,1123.1758779765282,34.002184071697215,0.004392233716089322,0.3656158178266427
DRREDDY.NS,SELL,2025-02-28 13:15:00+05:30,1120.0999755859375,1121.31567197599,1121.4111136596453,47.02730986573798,0.6409560356180464,1.0453885358842485
DRREDDY.NS,SELL,2025-02-28 15:05:00+05:30,1117.0999755859375,1120.4932469789314,1121.577863532798,33.06617311477786,-0.028417229680144374,0.37891211934472663
EICHERMOT.NS,SELL,2025-02-21 13:00:00+05:30,4935.5,4941.9008827697835,4942.290542761099,46.14893718416236,2.003542574772837,3.0780558478982383
EICHERMOT.NS,SELL,2025-02-21 13:45:00+05:30,4938.5498046875,4942.994310208684,4943.591672817479,47.28062604388707,0.972242030333291,1.8396213170982862
EICHERMOT.NS,SELL,2025-02-24 14:35:00+05:30,5018.0,5025.19654691374,5027.557762171577,44.13473025538591,1.8447381928426694,4.083590412484186
EICHERMOT.NS,SELL,2025-02-24 14:55:00+05:30,5025.0498046875,5027.159134170462,5027.6523861200685,49.01862757325785,1.308522901476863,2.5642846877015395
EICHERMOT.NS,SELL,2025-02-25 10:35:00+05:30,5029.39990234375,5035.927720099625,5036.285350077547,46.78926467248378,2.5749095963492437,3.9716850774581767
EICHERMOT.NS,SELL,2025-02-28 09:15:00+05:30,4888.64990234375,4921.272825156911,4923.3640730589395,33.459545446246345,2.12299746532517,2.784272233549509
GRASIM.NS,SELL,2025-02-21 13:00:00+05:30,2433.85009765625,2437.2806484853163,2437.710972266664,46.36518824602052,3.084696543930022,4.623684147162035
GRASIM.NS,SELL,2025-02-24 09:15:00+05:30,2414.14990234375,2425.29328730264,2428.708701124576,28.357164277912556,-1.3018146644867556,-0.6510552005034893
GRASIM.NS,BUY,2025-02-24 14:30:00+05:30,2393.199951171875,2392.098247802181,2392.0667378849917,49.722337689914106,-1.9761459584105978,-3.152804125746398
GRASIM.NS,SELL,2025-02-25 11:10:00+05:30,2391.5,2394.1478595478957,2394.7308295306366,46.40996326167009,0.6156414351548847,1.0590589695501105
GRASIM.NS,BUY,2025-02-25 15:00:00+05:30,2378.75,2378.319690440224,2378.1758161361768,49.616597102516145,-1.0454461473132142,-1.7419365047345603
GRASIM.NS,SELL,2025-02-28 11:50:00+05:30,2342.5,2346.828051059001,2348.029743110491,43.01659474838401,0.7958785211289978,1.7942396943626402
HCLTECH.NS,SELL,2025-02-21 13:45:00+05:30,1696.25,1698.9456272020616,1699.6623201306718,40.89047811302613,0.8889787591344884,1.6529741190741958
HCLTECH.NS,SELL,2025-02-21 14:50:00+05:30,1698.300048828125,1698.6208470583088,1698.7078867477373,48.88600242969391,-0.014865908727870192,0.08160932649868019
HCLTECH.NS,SELL,2025-02-24 09:15:00+05:30,1674.3499755859375,1691.763041888184,1697.175372215449,18.865024677014976,-1.5277643592417007,-0.03499753955726814
HCLTECH.NS,SELL,2025-02-25 11:00:00+05:30,1645.800048828125,1646.377053655815,1646.4888624143327,49.08444631343232,0.6528641754625824,1.026292092467509
HCLTECH.NS,SELL,2025-02-25 12:35:00+05:30,1645.0999755859375,1645.481192324632,1645.6078680357432,48.46537468029045,0.051328896911172706,0.11046494909600404
HCLTECH.NS,SELL,2025-02-27 13:20:00+05:30,1622.0999755859375,1623.1852851465737,1623.3982209169644,45.641402182135764,0.003801738844913416,0.04156413788425096
HCLTECH.NS,SELL,2025-02-27 15:25:00+05:30,1623.0,1627.1877293874284,1627.7912724256912,37.21385508168056,0.9316234767300102,1.5909370942854437
HCLTECH.NS,BUY,2025-02-28 12:05:00+05:30,1574.050048828125,1572.4463458165658,1572.229268146804,48.57696223339261,-3.199358430965731,-5.442935481788692
HDFCBANK.NS,SELL,2025-02-24 09:15:00+05:30,1671.449951171875,1685.004896460976,1689.2641611923611,25.697184486810517,-0.5895227794926541,1.0011474994010383
HDFCBANK.NS,SELL,2025-02-25 10:35:00+05:30,1678.949951171875,1680.1159236604724,1680.5290896973063,47.30333778604902,0.876089310973839,1.5273320556388084
HDFCBANK.NS,SELL,2025-02-25 14:15:00+05:30,1682.9000244140625,1684.1440822950594,1684.2821154509963,44.8828354637326,0.5906678828782788,0.9787395051664256
HDFCBANK.NS,SELL,2025-02-25 15:15:00+05:30,1681.75,1682.953674495357,1683.3400807756238,42.785243965339774,-0.13486238269024398,-0.0008261642116343393
HDFCBANK.NS,SELL,2025-02-27 14:55:00+05:30,1704.699951171875,1705.6264973704647,1705.7723541210216,48.531112922648084,0.9491841806097909,1.5393464122841707
HDFCBANK.NS,SELL,2025-02-28 12:55:00+05:30,1713.050048828125,1715.1413992771156,1715.550299087212,46.616625382936576,1.6399642874400797,2.732654127568268
HDFCLIFE.NS,SELL,2025-02-21 13:35:00+05:30,618.1500244140625,619.3491174960716,619.4961653554891,43.9209087147999,0.18544065979847346,0.34161444390231044
HDFCLIFE.NS,SELL,2025-02-24 09:15:00+05:30,615.5499877929688,620.3504149879103,621.4663777432078,27.56565514335736,0.11815120392873268,0.6417225135010651
HDFCLIFE.NS,SELL,2025-02-24 15:05:00+05:30,616.7000122070312,617.2512991658286,617.4431827247096,42.835835312077336,-0.05171369891274935,-0.02266799742175967
HDFCLIFE.NS,BUY,2025-02-25 13:30:00+05:30,615.1500244140625,615.1449319883517,615.1435130301979,49.91512394425599,0.029024667505268553,0.026491592285847316
HDFCLIFE.NS,SELL,2025-02-27 10:10:00+05:30,621.5999755859375,622.1290255796695,622.2950820303544,49.056597548708226,0.5980135556737878,1.00545819604013
HDFCLIFE.NS,SELL,2025-02-27 11:15:00+05:30,620.5999755859375,622.5271642061782,623.0872480438094,41.791087256308714,0.2760825984296389,0.6479557664459615
HDFCLIFE.NS,SELL,2025-02-27 15:25:00+05:30,615.0,617.4861997824506,618.1882459824945,34.653567041744296,-0.47830029343856495,-0.4669416103110753
HDFCLIFE.NS,SELL,2025-02-28 12:35:00+05:30,610.5999755859375,611.66812849839,611.7704845801281,45.50024409331615,0.3201823706220921,0.4950603516335669
HDFCLIFE.NS,SELL,2025-02-28 15:10:00+05:30,606.8499755859375,608.7392516528644,609.1708437701146,40.56514944049481,0.12464241229076833,0.2503636877520489
HEROMOTOCO.NS,SELL,2025-02-24 09:15:00+05:30,3827.050048828125,3844.105975410367,3848.8238879093074,29.922280460061398,-1.3873903534058627,-0.3244917022882294
HEROMOTOCO.NS,SELL,2025-02-25 09:15:00+05:30,3862.0,3876.9770052259446,3878.0086119968173,36.45808206295305,3.3790886310234782,5.446096248634447
HEROMOTOCO.NS,SELL,2025-02-25 13:00:00+05:30,3861.14990234375,3865.121778184262,3865.8144373569876,46.45279718989172,2.0748118778005846,3.2093542320372186
HEROMOTOCO.NS,SELL,2025-02-25 13:20:00+05:30,3862.800048828125,3865.105558735665,3865.7779190380584,47.646540911316144,1.1582004781857904,2.237754131973364
HEROMOTOCO.NS,SELL,2025-02-28 09:15:00+05:30,3709.449951171875,3740.6411182709057,3747.721723692501,26.47992272736273,-0.16350891549018343,2.4043697743171477
HEROMOTOCO.NS,BUY,2025-02-28 13:25:00+05:30,3682.199951171875,3680.4958257905737,3680.2550036235243,49.742482817841335,-2.8002275669896335,-4.61607972153993
HINDALCO.NS,SELL,2025-02-21 13:35:00+05:30,650.7999877929688,652.9414047290392,653.2638086737652,40.61050556419952,0.7213168582063645,1.2434309753275798
HINDALCO.NS,SELL,2025-02-21 14:25:00+05:30,651.7999877929688,652.7832910124441,652.8511587925426,45.93039078202375,0.15039727979171857,0.30568856792813365
HINDALCO.NS,SELL,2025-02-24 09:15:00+05:30,645.0,650.3995180995463,652.2434058367542,25.558851280480877,-0.48609375345188255,0.047453561427517346
HINDALCO.NS,SELL,2025-02-25 09:15:00+05:30,630.8499755859375,637.8008565797635,639.9908769821762,25.248170190480387,-0.559139387302821,0.012529025056957188
HINDALCO.NS,SELL,2025-02-25 14:05:00+05:30,622.6500244140625,622.8653490743891,622.867804200971,48.9126169376194,0.13639502115438518,0.22085599946099924
HINDALCO.NS,SELL,2025-02-27 10:50:00+05:30,625.0499877929688,625.5111787330643,625.5332044064459,49.560595796099854,0.6332307884096053,1.003945386859853
HINDALCO.NS,SELL,2025-02-28 09:15:00+05:30,624.5,629.2974001340388,630.3189644698924,29.24029150907485,0.589921098268519,1.3500254517661632
HINDALCO.NS,SELL,2025-02-28 12:35:00+05:30,625.9500122070312,628.4172035097541,628.545468001141,43.52036042763268,0.45859621042609433,0.7186734677024564
HINDUNILVR.NS,SELL,2025-02-21 12:40:00+05:30,2237.050048828125,2237.9199745238598,2238.064396091997,48.44031865463206,0.43063631187987994,0.5255879507718636
HINDUNILVR.NS,SELL,2025-02-21 12:55:00+05:30,2234.199951171875,2237.298491077093,2237.9356706638227,43.26554554781521,0.10966045517625389,0.42996626248306297
HINDUNILVR.NS,SELL,2025-02-21 13:35:00+05:30,2235.550048828125,2238.795602223204,2238.963852600609,43.97244489271031,0.3575701153326918,0.5720606142730125
HINDUNILVR.NS,SELL,2025-02-21 14:55:00+05:30,2238.75,2240.0272791990074,2240.0994505353265,47.268324521967656,0.502013982832068,0.6926365567413793
HINDUNILVR.NS,SELL,2025-02-24 09:15:00+05:30,2235.0,2239.051061911997,2240.251992419494,39.94877989240917,0.04826342304750142,0.5785142791966774
HINDUNILVR.NS,SELL,2025-02-24 13:10:00+05:30,2234.60009765625,2238.8098669261726,2240.171496279864,38.34053764279916,0.5781179842374513,1.5300458725893205
HINDUNILVR.NS,SELL,2025-02-25 13:30:00+05:30,2256.800048828125,2261.145548156411,2261.1772188790233,44.48834403427776,2.4492257489928306,3.7181422294751547
HINDUNILVR.NS,SELL,2025-02-25 14:30:00+05:30,2260.35009765625,2261.024222788833,2261.174163365704,49.511982075536956,0.6961622766807523,1.2263804447594702
HINDUNILVR.NS,SELL,2025-02-25 14:55:00+05:30,2260.64990234375,2261.0403876203404,2261.1559367414447,49.76160633970235,0.4087942352512073,0.7443140563822661
HINDUNILVR.NS,SELL,2025-02-27 12:00:00+05:30,2247.39990234375,2251.1433404334657,2252.4226760692272,39.461317036962825,-0.11831536938962017,0.19177127564091956
HINDUNILVR.NS,SELL,2025-02-27 15:10:00+05:30,2240.550048828125,2244.6458501845345,2245.934766450435,35.88886888484694,0.5261174256352206,1.2136229283601787
HINDUNILVR.NS,SELL,2025-02-27 15:25:00+05:30,2243.75,2245.8487704250474,2246.1713166054997,45.81870381085938,0.4784613859651472,0.9263996484416375
ICICIBANK.NS,SELL,2025-02-21 13:05:00+05:30,1232.449951171875,1233.577518580893,1233.749425399634,43.57404879984849,0.40097036779616246,0.5942227111885023
ICICIBANK.NS,SELL,2025-02-24 09:15:00+05:30,1226.699951171875,1230.8864017468536,1232.3798358070228,29.923364853859045,-0.38593835397705334,0.05612430748822822
ICICIBANK.NS,SELL,2025-02-24 13:35:00+05:30,1216.75,1217.4775022981605,1217.6047491021304,45.86834721991527,0.14203759806810012,0.2417844426337511
ICICIBANK.NS,SELL,2025-02-24 14:45:00+05:30,1216.699951171875,1217.5071854383655,1217.7037608773487,44.08829469707828,0.010446425761074352,0.10495979933356964
ICICIBANK.NS,SELL,2025-02-25 11:20:00+05:30,1222.949951171875,1223.8029980256433,1224.0215681546765,47.42506065602569,0.4808844152846632,0.9093307459359826
ICICIBANK.NS,SELL,2025-02-25 14:25:00+05:30,1225.5999755859375,1226.102494094416,1226.270362931643,47.33688564472696,0.3754946254250626,0.6584111415666181
ICICIBANK.NS,SELL,2025-02-27 10:55:00+05:30,1226.949951171875,1229.0574717292136,1229.2412932223322,43.485003295699556,0.9912188573550793,1.4833305697793548
ICICIBANK.NS,SELL,2025-02-27 13:00:00+05:30,1228.949951171875,1230.0354463511026,1230.2484503096844,44.07068496232003,0.3216661232252136,0.574494690765163
ICICIBANK.NS,SELL,2025-02-27 13:50:00+05:30,1229.3499755859375,1229.7747108865967,1229.8422480992679,47.295317077494964,0.005364222769685512,0.06220494342610485
ITC.NS,SELL,2025-02-24 10:10:00+05:30,400.95001220703125,401.2841419051448,401.308591638763,46.32072614491363,0.1776983432289967,0.2681443993727315
ITC.NS,SELL,2025-02-24 10:35:00+05:30,400.6000061035156,401.09585626325315,401.25139394836424,41.54087793582015,0.04869787009852189,0.15958062166735412
ITC.NS,SELL,2025-02-24 13:25:00+05:30,402.3500061035156,402.43875045814303,402.452953347556,49.16647253329097,0.08732923728587139,0.14768236572383428
ITC.NS,SELL,2025-02-24 14:10:00+05:30,402.20001220703125,402.3611586312834,402.40006160032846,45.886868707852564,0.013236588858546838,0.04379938840286508
ITC.NS,SELL,2025-02-25 15:00:00+05:30,404.79998779296875,405.385756379638,405.58524196981807,42.58760572920616,0.335989382761511,0.6165313919928915
ITC.NS,SELL,2025-02-27 15:10:00+05:30,401.0,401.493119006135,401.596781105759,42.16918154935947,0.07893803191120696,0.17454539471640224
INDUSINDBK.NS,SELL,2025-02-21 15:20:00+05:30,1041.75,1043.57951115878,1044.1218617093439,41.781705174709096,0.05349171828311228,0.2916794046949727
INDUSINDBK.NS,BUY,2025-02-24 12:05:00+05:30,1029.0,1028.640117354677,1028.5211754111506,49.35307106546564,-0.8953746135334768,-1.536495253333465
INDUSINDBK.NS,SELL,2025-02-24 15:00:00+05:30,1027.5999755859375,1028.5303748578826,1028.6976501917165,45.74956518705016,0.15851028017073077,0.27224012381659674
INDUSINDBK.NS,SELL,2025-02-25 12:20:00+05:30,1036.5,1037.8324822350367,1038.21976827377,44.75285743336473,0.53028130124153,1.038952828864843
INDUSINDBK.NS,SELL,2025-02-27 13:25:00+05:30,1050.4000244140625,1051.1054869644465,1051.2988395013058,47.123221611291676,0.38381507031340334,0.7032210531857737
INDUSINDBK.NS,SELL,2025-02-27 14:00:00+05:30,1048.800048828125,1050.4541517469193,1051.0083142449207,39.27519436147869,-0.0010111922138094087,0.27723628161480873
INDUSINDBK.NS,SELL,2025-02-28 15:15:00+05:30,970.5,981.7532022791487,983.6720292026021,38.83178622554162,-0.541825774389963,-0.4261253966451466
INFY.NS,SELL,2025-02-24 09:15:00+05:30,1798.6500244140625,1810.1630994745983,1812.0926991064525,29.603928001420872,-0.21709402443298131,0.27535713970310394
INFY.NS,BUY,2025-02-24 14:30:00+05:30,1757.949951171875,1756.5490423494234,1756.4207273935158,49.86593699056126,-2.191776654836758,-3.532209173852384
INFY.NS,SELL,2025-02-25 10:55:00+05:30,1765.550048828125,1769.1186105140077,1769.5318263075453,43.64643114786996,1.6134443654577808,2.627209201135471
INFY.NS,SELL,2025-02-25 14:05:00+05:30,1764.25,1765.0310185218568,1765.2706038639644,46.85140756150406,0.08412188772422269,0.17358976023985595
INFY.NS,SELL,2025-02-27 09:25:00+05:30,1760.449951171875,1765.5091471113208,1766.557907423921,37.26610184856393,0.11638148206702681,0.5630198411093719
INFY.NS,SELL,2025-02-27 10:15:00+05:30,1764.449951171875,1767.3930475062855,1767.7172766900744,45.484958248793056,0.47642519293890473,0.7225129624934208
INFY.NS,SELL,2025-02-27 12:30:00+05:30,1767.050048828125,1768.2272353200137,1768.3185810316613,46.851863616100935,0.49819778995743036,0.7497468488752574
INFY.NS,SELL,2025-02-28 09:15:00+05:30,1733.9000244140625,1754.327061847475,1760.7667035978968,18.844672623549965,-2.011750487849895,-0.28103743681675897
INFY.NS,BUY,2025-02-28 13:05:00+05:30,1699.8499755859375,1698.6306302762928,1698.5020484829229,49.47378529076892,-1.7853825488916755,-2.9984523211960816
JSWSTEEL.NS,SELL,2025-02-21 13:20:00+05:30,984.7000122070312,985.3287991902274,985.5430147268044,47.27279514972214,0.46583749134788377,0.8140125184846203
JSWSTEEL.NS,BUY,2025-02-21 15:15:00+05:30,982.0499877929688,982.0044311683528,981.9989396769386,49.16299245282257,-0.4859275889880337,-0.7380348389233196
JSWSTEEL.NS,SELL,2025-02-25 10:25:00+05:30,966.1500244140625,966.7068189780496,966.8083636756454,49.10975707828623,0.6483141031537798,1.0505747024109362
JSWSTEEL.NS,SELL,2025-02-25 10:50:00+05:30,966.0999755859375,966.5947091582785,966.7571580487607,48.46570381765156,0.31286992683840253,0.6313896848865743
JSWSTEEL.NS,SELL,2025-02-27 11:20:00+05:30,968.4500122070312,969.4429123198838,969.4495309525776,48.809612588734765,1.014072757355052,1.593116253746574
JSWSTEEL.NS,SELL,2025-02-28 09:15:00+05:30,956.0999755859375,968.6274175526696,971.0650294407559,21.984019622020003,0.39800717085415727,1.551080814588603
KOTAKBANK.NS,SELL,2025-02-21 12:40:00+05:30,1944.0999755859375,1945.8064518228996,1945.8350979847394,45.07355012581625,0.578792232009846,0.8159649693457767
KOTAKBANK.NS,SELL,2025-02-24 09:20:00+05:30,1947.9000244140625,1949.4378927238004,1949.5737483834882,47.8360278995454,1.423015858862982,2.115218782364593
KOTAKBANK.NS,SELL,2025-02-24 12:40:00+05:30,1950.5,1953.2440814347174,1953.6153923524307,44.18074411594532,1.1735629703457562,1.9345655966387847
KOTAKBANK.NS,SELL,2025-02-25 15:20:00+05:30,1965.9000244140625,1967.6559739137736,1967.9291454765498,46.6471391599116,0.5949286573884365,0.9684349265354016
KOTAKBANK.NS,SELL,2025-02-27 15:20:00+05:30,1942.6500244140625,1947.0970933486356,1948.5627461402642,37.66733308867474,-0.15728476400522595,0.3575099488715489
KOTAKBANK.NS,BUY,2025-02-28 12:25:00+05:30,1918.550048828125,1917.674767681249,1917.5350697860652,49.47264511337173,-1.5845366851683593,-2.635172816411184
LT.NS,SELL,2025-02-21 14:50:00+05:30,3310.89990234375,3314.0693215676342,3315.112841921426,44.66331082719556,1.3744949477422779,2.7689017661732245
LT.NS,SELL,2025-02-24 09:15:00+05:30,3306.550048828125,3312.319703876218,3314.196739042165,38.809905081017575,-0.018542110069574846,0.952884922768276
LT.NS,SELL,2025-02-24 11:00:00+05:30,3313.0,3315.44730096488,3315.8962419221543,46.75877471121954,0.6577625350905691,1.0788556697746055
LT.NS,SELL,2025-02-25 14:20:00+05:30,3231.0,3234.472492757274,3235.2622346483254,42.72677973564261,1.0931099496970091,1.9869623635151727
LT.NS,SELL,2025-02-27 11:40:00+05:30,3230.75,3231.009600968693,3231.049993495946,49.73610761860713,0.37113258876252075,0.5052865959131838
LT.NS,SELL,2025-02-28 09:15:00+05:30,3166.89990234375,3194.983513888042,3200.436673259253,25.660102945746758,-1.6508356627691683,-0.8238822423559488
M&M.NS,SELL,2025-02-24 11:00:00+05:30,2682.75,2685.1867430779976,2685.5644795084686,48.85664058836707,2.5196850837342026,3.9440632538942437
M&M.NS,SELL,2025-02-24 13:35:00+05:30,2697.75,2704.0003848551733,2704.95160323619,44.10840619481253,2.7769942609934333,4.701055647929003
M&M.NS,SELL,2025-02-25 15:00:00+05:30,2783.0,2788.757195973722,2790.81009108761,39.48372941180683,-0.12867909637543562,0.5542294344071733
M&M.NS,SELL,2025-02-28 09:15:00+05:30,2642.699951171875,2697.697590601392,2715.7660692238396,18.571049890973974,-5.3992788711234425,-0.5564195228536699
MARUTI.NS,SELL,2025-02-21 14:30:00+05:30,12357.400390625,12364.896162143668,12365.593128317438,47.32292083868251,3.677367435691849,5.972639696226821
MARUTI.NS,SELL,2025-02-24 10:40:00+05:30,12369.7998046875,12382.470933172332,12382.855424088073,47.255599761985145,7.268142912262192,10.623078946929509
MARUTI.NS,SELL,2025-02-25 12:50:00+05:30,12422.0,12438.363412425242,12443.33625036482,42.285615146653356,3.2349372795797535,7.640488822778491
MARUTI.NS,SELL,2025-02-27 09:15:00+05:30,12424.75,12459.47280098528,12465.489359249652,33.69885534645364,4.2155661583437904,8.658816948535065
MARUTI.NS,SELL,2025-02-28 09:15:00+05:30,12194.849609375,12321.487930835492,12353.188609156547,19.679030852384308,-8.63302998204199,-0.9398029780382924
MARUTI.NS,BUY,2025-02-28 12:10:00+05:30,11930.7998046875,11923.213806896585,11922.126435076352,46.475343192366026,-31.307630401672213,-52.27505070769484
NTPC.NS,SELL,2025-02-21 12:55:00+05:30,327.70001220703125,328.09951655484446,328.14369030998193,45.34367255321081,-0.01638518095995778,-0.006756314652185132
NTPC.NS,BUY,2025-02-24 10:35:00+05:30,324.6000061035156,324.54820360939505,324.5400358927734,48.182437732171245,-0.36909002956542736,-0.6043532505978898
NTPC.NS,SELL,2025-02-25 15:15:00+05:30,318.75,319.0994798268122,319.212687461113,45.20644918509027,0.24802848657725463,0.44800254378714927
NTPC.NS,SELL,2025-02-27 15:00:00+05:30,315.20001220703125,315.3951222163981,315.446674132151,44.18980796536327,-0.028735788130973106,-0.027752792611600338
NTPC.NS,SELL,2025-02-28 09:15:00+05:30,307.20001220703125,312.94415782813826,314.80410930883824,13.842797404470872,-0.5939653502502438,-0.09753704036997354
NTPC.NS,BUY,2025-02-28 10:25:00+05:30,313.8500061035156,313.78702806136084,313.77752702551453,49.51205528575204,-0.28041657741613335,-0.44965757866869194
NTPC.NS,SELL,2025-02-28 15:20:00+05:30,310.6499938964844,311.19540590413243,311.36882512315907,47.102127695747626,0.421930973087683,0.6676697662210858
NESTLEIND.NS,SELL,2025-02-21 13:45:00+05:30,2203.85009765625,2208.9601079341655,2209.937313999245,35.08931626052708,0.7455610090760274,1.5843675304197167
NESTLEIND.NS,SELL,2025-02-21 15:25:00+05:30,2211.0,2213.3864368951545,2213.534640328365,44.4262194684834,0.9624662509318114,1.4658314821484058
NESTLEIND.NS,SELL,2025-02-24 13:10:00+05:30,2229.0,2231.5528554599923,2231.5966912673607,46.444275604919355,1.6660836951045894,2.6220823786421157
NESTLEIND.NS,SELL,2025-02-25 12:50:00+05:30,2247.0,2249.4664603311176,2249.541522112107,46.91782605329206,1.8969014793437964,3.024739394726656
NESTLEIND.NS,SELL,2025-02-25 14:35:00+05:30,2250.5,2251.6537452360913,2251.873973999528,47.10243742159013,0.6080036585690323,1.0558421064604793
NESTLEIND.NS,SELL,2025-02-27 10:15:00+05:30,2251.5,2256.0690495517338,2257.1303177079553,42.133463582346515,1.2192165519554692,2.192252627766106
NESTLEIND.NS,SELL,2025-02-27 13:25:00+05:30,2265.0,2265.7440360714018,2265.841471355896,48.80530660141928,0.6675292452946451,1.1206482608829265
NESTLEIND.NS,SELL,2025-02-27 13:50:00+05:30,2265.14990234375,2265.688261855339,2265.781002060058,48.90136134586152,0.3616318386802959,0.6653478463020353
NESTLEIND.NS,SELL,2025-02-28 09:20:00+05:30,2257.050048828125,2268.106043512419,2270.9285008523807,30.332461059746944,0.951114888655411,2.3741796763845087
ONGC.NS,SELL,2025-02-24 09:15:00+05:30,235.85000610351562,238.5428484195946,239.3924673332832,23.611709076786685,-0.20701267138855428,0.0424974131122795
ONGC.NS,SELL,2025-02-25 11:30:00+05:30,234.9499969482422,235.31156933162472,235.43060727538273,44.248100357995924,-0.01424811922288427,0.01812155894324987
ONGC.NS,SELL,2025-02-28 09:15:00+05:30,226.8000030517578,229.52691805161447,229.82612307139493,26.453507282373277,0.12349589458321475,0.25400329613094197
POWERGRID.NS,SELL,2025-02-24 09:15:00+05:30,258.1499938964844,260.59400994053476,260.9626223348386,28.723346023839735,-0.004598285630606824,0.0842690315480668
POWERGRID.NS,SELL,2025-02-24 12:20:00+05:30,260.25,260.5338402679537,260.624917005394,45.583369956652845,0.10883101473973511,0.20727177087022897
POWERGRID.NS,SELL,2025-02-24 13:35:00+05:30,259.8500061035156,260.4476137942088,260.6039115861381,39.62493289837178,-0.0024967628002059428,0.060828610436354374
POWERGRID.NS,BUY,2025-02-25 12:50:00+05:30,256.3999938964844,256.29848700055845,256.2899581756865,49.94098511531253,-0.13326953879419534,-0.22170989079676537
POWERGRID.NS,SELL,2025-02-27 11:45:00+05:30,255.4499969482422,255.5370190628683,255.54842426457228,48.53277988139911,0.03972707068425052,0.052335198115598974
POWERGRID.NS,SELL,2025-02-27 14:00:00+05:30,256.04998779296875,256.2155516038449,256.25204424195675,47.21339317044183,0.1320289787700517,0.21386127181281353
POWERGRID.NS,SELL,2025-02-27 15:05:00+05:30,255.89999389648438,256.40381161483896,256.45081302915725,41.43683368377771,0.0970387076267798,0.1534499137090621
RELIANCE.NS,SELL,2025-02-24 09:15:00+05:30,1218.4000244140625,1224.6630057377583,1226.8320872516201,26.068733755038856,-0.9476509672133488,-0.5683395612419291
RELIANCE.NS,BUY,2025-02-24 11:25:00+05:30,1216.3499755859375,1215.8051842440714,1215.7144349648977,49.12435852286273,-1.2235822292686862,-2.0474974039055924
RELIANCE.NS,SELL,2025-02-24 13:45:00+05:30,1216.0999755859375,1217.091196535081,1217.4231722288396,43.44641334466048,0.05306335431532716,0.22884648301401048
RELIANCE.NS,SELL,2025-02-25 10:05:00+05:30,1215.0,1216.573969282851,1216.8511844923169,42.15015500441339,0.1530292355500933,0.2474953668590239
RELIANCE.NS,BUY,2025-02-25 12:45:00+05:30,1210.8499755859375,1210.555893950079,1210.5237349149488,49.35938660869979,-0.704696331701598,-1.140382744934224
RELIANCE.NS,BUY,2025-02-25 13:10:00+05:30,1210.6500244140625,1210.5590143468535,1210.531479923109,49.0403778871188,-0.3955848185892137,-0.6979604602983097
RELIANCE.NS,SELL,2025-02-27 14:40:00+05:30,1205.199951171875,1206.9787325637417,1207.5928212042777,38.281552163867964,0.5215294595659543,1.073018415109371
RELIANCE.NS,SELL,2025-02-28 09:15:00+05:30,1201.9000244140625,1205.501784247143,1206.5711500751595,35.17339563371837,-0.32203186612809986,0.043556486159702035
RELIANCE.NS,SELL,2025-02-28 11:30:00+05:30,1208.9000244140625,1211.6915695674966,1212.497649820482,41.742785796129894,0.5989548997245038,1.2928812331301847
RELIANCE.NS,SELL,2025-02-28 15:00:00+05:30,1203.949951171875,1207.6181272728259,1208.5033777087028,32.99470405212874,-0.29952314015190495,-0.10988814305794381
SBILIFE.NS,SELL,2025-02-24 09:15:00+05:30,1476.449951171875,1490.105150718352,1490.640623012711,34.22326413332254,2.723174132867598,3.9928184853102175
SBILIFE.NS,SELL,2025-02-24 10:20:00+05:30,1480.300048828125,1484.6367118259623,1486.0116456688272,41.73963770713574,-0.6401289966954664,-0.24878145379355038
SBILIFE.NS,SELL,2025-02-24 12:25:00+05:30,1483.199951171875,1485.9702284090943,1486.3983988147845,42.644709671867446,0.13950875722161982,0.3160225187781377
SBILIFE.NS,SELL,2025-02-24 15:20:00+05:30,1481.949951171875,1484.7221313063208,1485.555683148921,39.75774385916622,0.09595841540749461,0.4257257199815759
SBILIFE.NS,SELL,2025-02-27 09:15:00+05:30,1463.050048828125,1469.0373556920345,1469.3804938610663,31.493974234395342,0.3668948306740276,0.5329608630367026
SBILIFE.NS,SELL,2025-02-27 10:00:00+05:30,1467.25,1469.7247954984487,1470.2999946256948,44.286733144852434,0.34435887529002684,0.6965969210815338
SBILIFE.NS,SELL,2025-02-27 13:50:00+05:30,1465.800048828125,1468.1985826268362,1468.216288378593,41.359206099381026,0.5469050210706428,0.7495432144880797
SBILIFE.NS,SELL,2025-02-27 15:20:00+05:30,1466.5,1469.162540602739,1469.5378453018736,41.92060192583503,0.35570188000815506,0.6567030722285473
SBILIFE.NS,BUY,2025-02-28 11:15:00+05:30,1438.0,1437.2113402006808,1437.0105839355522,47.36759387001728,-3.3834602866056684,-5.771310542750345
SBILIFE.NS,SELL,2025-02-28 12:55:00+05:30,1435.550048828125,1438.3335532952465,1439.0405005383188,39.27117099401745,-0.2680538237025303,-0.17060090472229567
SHRIRAMFIN.NS,SELL,2025-02-21 12:35:00+05:30,584.9500122070312,586.6360657663286,586.8206838844405,43.65642814799431,0.3477793741787991,0.5531369679332134
SHRIRAMFIN.NS,SELL,2025-02-24 12:15:00+05:30,577.25,577.8995044416092,578.1195616166156,46.5577894044859,-0.05175020244382722,-0.044739110203040104
SHRIRAMFIN.NS,SELL,2025-02-24 13:40:00+05:30,577.0499877929688,578.1410817218599,578.5065830873218,43.57847928427971,0.01707898319875767,0.16810048412501208
SHRIRAMFIN.NS,SELL,2025-02-25 09:40:00+05:30,575.7000122070312,577.4859048320262,577.9123611622281,43.15470286918721,-0.04221101414793793,0.059216378081073356
SHRIRAMFIN.NS,SELL,2025-02-25 10:20:00+05:30,576.8499755859375,579.157673321802,579.2025314641289,44.318562768829935,0.43102681888751704,0.5614624620641976
SHRIRAMFIN.NS,SELL,2025-02-25 11:15:00+05:30,578.3499755859375,579.3369529929272,579.3981596292423,46.373472921984224,0.1872530256943037,0.3102363903960689
SHRIRAMFIN.NS,SELL,2025-02-25 12:00:00+05:30,577.5,578.6951868468129,579.0899976736299,44.422480023747625,-0.08685671622970403,0.05129874300199476
SHRIRAMFIN.NS,SELL,2025-02-28 10:10:00+05:30,609.0999755859375,610.1587440248312,610.3442958120763,49.156395933546705,1.5085019789823946,2.312375813459779
SHRIRAMFIN.NS,SELL,2025-02-28 10:30:00+05:30,608.9500122070312,610.1467954234524,610.3797690119653,48.03703691176403,0.9265236941009789,1.6357848459551727
SHRIRAMFIN.NS,SELL,2025-02-28 14:15:00+05:30,611.8499755859375,612.68493314912,612.7564906941959,45.3458464256757,0.413291040221452,0.6460353944247461
SBIN.NS,BUY,2025-02-24 11:35:00+05:30,715.9000244140625,715.6227443495081,715.6225729773604,48.90329650036049,-0.624630880075415,-1.004364877130716
SBIN.NS,SELL,2025-02-24 13:10:00+05:30,716.7000122070312,717.1095475603566,717.136494852869,46.57991460344637,0.08952564848391376,0.1597799653001432
SBIN.NS,SELL,2025-02-25 10:10:00+05:30,716.4000244140625,716.6061138070934,716.6749448011897,48.24112098379657,0.11437436240078114,0.18284823638871453
SUNPHARMA.NS,SELL,2025-02-24 10:35:00+05:30,1647.5999755859375,1651.0644463089675,1652.1634322685825,45.906650368421275,1.5652799016709196,2.9684616722745627
SUNPHARMA.NS,SELL,2025-02-24 14:45:00+05:30,1641.550048828125,1642.901579841707,1643.1389671340103,45.789492717394005,0.057767058914350855,0.12207963142645313
SUNPHARMA.NS,SELL,2025-02-28 09:20:00+05:30,1632.0999755859375,1638.9022630809711,1640.48710890194,38.326265277580184,2.6737808325865444,4.746367315749343
SUNPHARMA.NS,SELL,2025-02-28 12:35:00+05:30,1626.5,1629.5929973229813,1630.4469698064966,33.845517237539674,-0.3608001960924412,-0.2615577219037316
TCS.NS,BUY,2025-02-21 12:50:00+05:30,3788.949951171875,3788.6789008017104,3788.607450998239,49.02633957235645,-2.4502006449865803,-3.7780121605100354
TCS.NS,SELL,2025-02-24 09:15:00+05:30,3748.800048828125,3773.883799124434,3782.3850356549956,22.914903791064837,-3.4036029255798894,-1.438948036928223
TCS.NS,SELL,2025-02-25 14:30:00+05:30,3633.60009765625,3638.0073210244136,3638.891381976552,42.27849977612577,0.4279930256402622,0.9101713086533991
TCS.NS,SELL,2025-02-27 13:25:00+05:30,3609.449951171875,3613.5463209240133,3613.761784830615,41.35532208614218,0.36504133293965424,0.4464843891343405
TCS.NS,SELL,2025-02-27 13:40:00+05:30,3612.199951171875,3613.361878291722,3613.668968471706,47.264487306079836,0.14728531900072994,0.3418764870836385
TCS.NS,SELL,2025-02-27 14:35:00+05:30,3612.35009765625,3614.1960916644452,3614.244270967509,47.005838392100976,0.2603688518279341,0.36314957050473307
TCS.NS,SELL,2025-02-27 15:05:00+05:30,3613.550048828125,3614.3200195490954,3614.4045158859685,48.488490115932585,0.1728835899070873,0.2959149176953025
TCS.NS,SELL,2025-02-27 15:15:00+05:30,3613.199951171875,3614.086648228418,3614.3367943958833,47.81803397347202,0.07239920953543333,0.23523647856235802
TCS.NS,BUY,2025-02-28 12:10:00+05:30,3495.0,3492.0235345134424,3491.5005785411217,47.422563614562385,-8.535646166903916,-14.422304378389647
TCS.NS,BUY,2025-02-28 14:55:00+05:30,3475.35009765625,3474.268435044164,3474.139085975617,48.48191615931248,-2.931877418037857,-4.616702373963835
TATACONSUM.NS,SELL,2025-02-24 10:35:00+05:30,1001.3499755859375,1004.3447445329645,1004.7222410504565,41.28490959416133,0.6162953806568794,1.0804789777573682
TATACONSUM.NS,SELL,2025-02-24 14:20:00+05:30,1007.6500244140625,1008.4485434388122,1008.7320304318865,45.23824513075045,0.23975468451465076,0.5200012046206771
TATACONSUM.NS,SELL,2025-02-25 10:45:00+05:30,1004.0999755859375,1005.3409480968052,1005.501875996615,45.2309397738707,-0.013307060715078478,-0.011795883193765042
TATACONSUM.NS,SELL,2025-02-25 14:45:00+05:30,1006.2000122070312,1007.5154229178231,1007.9619109032736,37.87211214354187,0.1922248503389028,0.5009633305424481
TATACONSUM.NS,SELL,2025-02-27 11:40:00+05:30,1004.8499755859375,1005.4655134855248,1005.5499386167116,47.17782057187341,0.2260922467086175,0.32758505220151457
TATACONSUM.NS,SELL,2025-02-28 09:15:00+05:30,997.4500122070312,1004.3737154550787,1004.9423657123679,30.6249380385138,0.5779239685815583,0.9421701601232619
TATACONSUM.NS,BUY,2025-02-28 14:55:00+05:30,968.6500244140625,967.7001024653957,967.5176554195145,48.943490057508775,-2.2096488139467283,-3.5629929415070105
TATAMOTORS.NS,BUY,2025-02-21 14:25:00+05:30,673.8499755859375,673.8310949167292,673.8249412286322,47.61184409629095,-0.59385275867362,-0.9224912754726813
TATAMOTORS.NS,BUY,2025-02-21 14:35:00+05:30,673.9500122070312,673.8527129208901,673.8303952295498,48.40990837949218,-0.46762380966686123,-0.7695901255349835
TATAMOTORS.NS,SELL,2025-02-24 10:55:00+05:30,673.5,674.0071877820524,674.0317498533004,47.529245789715546,0.09987386143711774,0.14762951639787986
TATAMOTORS.NS,SELL,2025-02-24 11:10:00+05:30,673.3499755859375,673.8298975445086,673.9849953457625,46.76825319667144,0.021734106926146524,0.10805171399629608
TATAMOTORS.NS,SELL,2025-02-25 10:00:00+05:30,668.4000244140625,669.1731192142636,669.2510616100548,45.79443107452505,0.07104957508965981,0.08619902758743336
TATAMOTORS.NS,SELL,2025-02-25 15:05:00+05:30,661.8499755859375,663.4975232835119,663.7522483428264,38.97656327356564,0.03850950130720321,0.10219861165111972
TATAMOTORS.NS,BUY,2025-02-27 13:15:00+05:30,652.25,651.960107608929,651.9473183611119,49.97967467364529,-0.37919400034525097,-0.6244031763803758
TATASTEEL.NS,SELL,2025-02-21 14:35:00+05:30,140.4499969482422,140.74420457830385,140.80334196953999,45.83487399930977,0.1523961250215109,0.2632898024150835
TATASTEEL.NS,SELL,2025-02-24 09:15:00+05:30,139.5399932861328,140.3200526469635,140.5682978779317,35.67609249388299,-0.06252284086940563,0.02302817960621656
TATASTEEL.NS,SELL,2025-02-24 12:05:00+05:30,139.67999267578125,139.87491272281977,139.8937025965904,45.47300163257959,0.029140944796978374,0.029265564348590355
TATASTEEL.NS,SELL,2025-02-25 10:10:00+05:30,137.75999450683594,138.00469282483755,138.0549027323387,45.16277046216629,0.04174348798522942,0.05880913368345196
TATASTEEL.NS,SELL,2025-02-25 10:50:00+05:30,137.86000061035156,137.89738033764107,137.91006256779593,48.702036590559935,-0.03600555101508007,-0.03495979572181873
TATASTEEL.NS,SELL,2025-02-25 15:15:00+05:30,137.0,137.12189858644814,137.14909947494908,44.27053269460142,0.0036768356453933393,0.011339805515703068
TATASTEEL.NS,SELL,2025-02-27 09:50:00+05:30,136.77999877929688,137.16966274760264,137.25282545607413,41.224283987014154,0.020441553506316268,0.05682558735428822
TATASTEEL.NS,BUY,2025-02-27 10:50:00+05:30,136.94000244140625,136.90923666003772,136.906663968321,49.89391121718227,-0.07363081834847662,-0.10720452586765127
TATASTEEL.NS,SELL,2025-02-28 09:15:00+05:30,135.1999969482422,137.55730346397883,137.60569649660295,29.3878373595333,0.3593321120350481,0.49556972941060695
TATASTEEL.NS,SELL,2025-02-28 11:30:00+05:30,136.6999969482422,136.78427118939362,136.79423370431104,48.27639214130106,0.020978397033758256,0.022916165818846267
TECHM.NS,SELL,2025-02-21 12:05:00+05:30,1651.0999755859375,1652.459394518397,1652.7679629799964,45.7700676373447,0.18595125209390062,0.24344746996914893
TECHM.NS,BUY,2025-02-21 14:25:00+05:30,1647.75,1647.5184030854693,1647.4458382657529,49.42270596464296,-0.6660055033187291,-1.100764105432485
TECHM.NS,SELL,2025-02-24 09:15:00+05:30,1632.25,1643.6210096639757,1647.1182694804668,24.278159583991243,-1.0258036800187256,-0.11093532426958695
TECHM.NS,SELL,2025-02-24 13:25:00+05:30,1620.949951171875,1624.0852637647172,1625.1399898436434,39.63196375474651,-0.1591208264130728,0.1476849246413668
TECHM.NS,BUY,2025-02-25 12:05:00+05:30,1604.3499755859375,1603.7203738187557,1603.503620616782,49.872719066219936,-1.3786371588450947,-2.1892870019353228
TECHM.NS,SELL,2025-02-28 09:15:00+05:30,1544.199951171875,1570.4112742782636,1577.585409601949,23.390419968752298,-1.4534968454609043,0.441793685478466
TITAN.NS,SELL,2025-02-21 13:10:00+05:30,3179.0,3180.0128721800256,3180.150346054429,48.19010602393638,0.12202624711108001,0.17705528448070773
TITAN.NS,SELL,2025-02-21 13:40:00+05:30,3177.449951171875,3179.7288998751374,3180.4207278639456,45.28197457156741,-0.00202735379934893,0.28294993306457383
TITAN.NS,SELL,2025-02-21 14:55:00+05:30,3178.0,3180.5603087812588,3181.1908702821675,43.10840146590384,0.053843889768813824,0.3325353964327787
TITAN.NS,SELL,2025-02-21 15:20:00+05:30,3178.800048828125,3180.454061166347,3181.023668411378,45.1626800851004,-0.10973527136775374,0.1194294270939056
TITAN.NS,SELL,2025-02-24 12:10:00+05:30,3174.60009765625,3177.2259574108693,3177.329650658769,46.774137846977226,1.1247326190477906,1.5953975273607717
TITAN.NS,SELL,2025-02-24 12:20:00+05:30,3170.800048828125,3175.2115637537895,3176.7483169933457,42.78329227419357,0.37320857977101696,1.2593739937191992
TITAN.NS,SELL,2025-02-24 14:30:00+05:30,3175.64990234375,3178.292436272014,3178.4934916406914,46.170044961587976,0.7522569047268917,1.1410963802945258
TITAN.NS,SELL,2025-02-25 12:45:00+05:30,3198.25,3200.082666921804,3200.3239894986586,49.61135512081879,2.761312884542349,4.54891259031919
TITAN.NS,SELL,2025-02-25 14:05:00+05:30,3196.25,3198.6515503317746,3199.1946944661963,44.96806900241481,0.26604952495927137,0.67480876778303
TITAN.NS,SELL,2025-02-27 09:30:00+05:30,3191.35009765625,3198.6718619948915,3199.1490307940485,43.885439083649665,0.4422627534650019,0.5862251073539756
TITAN.NS,SELL,2025-02-27 13:35:00+05:30,3193.25,3196.3468935782785,3197.4248374439526,41.27429605334453,0.3922521726044579,1.1463602715696464
TITAN.NS,SELL,2025-02-28 09:15:00+05:30,3172.60009765625,3206.464527383593,3211.257049460734,26.911178395262894,2.61933456463521,5.461365029631045
TRENT.NS,SELL,2025-02-24 09:15:00+05:30,4973.0,5020.298172403388,5036.763241200165,26.931254729208096,-7.329457846041805,-4.542582049616288
TRENT.NS,SELL,2025-02-25 10:00:00+05:30,5046.0498046875,5061.498800045309,5063.652135763145,45.03551621530814,7.915610835334519,12.833272630820318
TRENT.NS,SELL,2025-02-28 11:45:00+05:30,4754.0498046875,4784.541285085736,4793.069647867108,37.63576916262272,-0.6139309364516521,2.234852793003975
ULTRACEMCO.NS,SELL,2025-02-21 13:25:00+05:30,11096.9501953125,11107.204801155534,11108.143258540962,45.556208732134905,4.685478468114525,7.565174762006816
ULTRACEMCO.NS,SELL,2025-02-24 09:30:00+05:30,11135.0,11140.220898644131,11141.308989627641,48.48625470916894,5.044820524868555,8.26945195880241
ULTRACEMCO.NS,SELL,2025-02-24 12:25:00+05:30,11131.0498046875,11138.563900750827,11140.340261838623,45.53006331199052,1.9912899584869592,3.945232471424842
ULTRACEMCO.NS,SELL,2025-02-27 09:15:00+05:30,10472.599609375,10795.7488867494,10888.527881344413,14.781608688891138,-23.75833621957463,1.932929091755054
ULTRACEMCO.NS,SELL,2025-02-27 14:40:00+05:30,10410.400390625,10423.895045717527,10425.653222438135,41.94039703504289,0.5700094145795447,1.8660355722525934
ULTRACEMCO.NS,SELL,2025-02-28 09:15:00+05:30,10300.150390625,10399.442124559991,10423.432719062968,24.21155173253689,-4.903099917575673,2.242334741932777
WIPRO.NS,SELL,2025-02-27 11:55:00+05:30,293.70001220703125,294.04187792993173,294.0983282806168,47.74060606398227,0.2689845450347548,0.45299032210012613
WIPRO.NS,SELL,2025-02-28 09:15:00+05:30,287.25,292.1623465260061,293.1478671284924,22.146459007897576,-0.0533563918546065,0.26962904580783176
